,"Active Status","Vendor","Balance","Balance Total","Company","Mr./Ms./...","First Name","M.I.","Last Name","Bill from 1","Bill from 2","Bill from 3","Bill from 4","Bill from 5","Ship from 1","Ship from 2","Ship from 3","Ship from 4","Ship from 5","Primary Contact","Job Title","Main Phone","Fax","Alt. Phone","Secondary Contact","Main Email","Print on Cheque as","Account No.","Vendor Type","Terms","Credit Limit"
,"Active","123Ink",0.00,0.00,,,,,,"123Ink",,,,,,,,,,,,,,,,,,,,,""
,"Active","2CHECKOUT",0.00,0.00,,,,,,"2CHECKOUT",,,,,,,,,,,,,,,,,,,,,""
,"Active","A25",0.00,0.00,,,,,,"A25",,,,,,,,,,,,,,,,,,,,,""
,"Active","Acanac",0.00,0.00,,,,,,"Acanac",,,,,,,,,,,,,,,,,,,,,""
,"Active","ADOBE",0.00,0.00,,,,,,"ADOBE",,,,,,,,,,,,,,,,,,,,,""
,"Active","Aeroport",0.00,0.00,,,,,,"Aeroport",,,,,,,,,,,,,,,,,,,,,""
,"Active","Aeroport de Montreal",0.00,0.00,,,,,,"Aeroport de Montreal",,,,,,,,,,,,,,,,,,,,,""
,"Active","Air Canada - AMEX",0.00,0.00,,,,,,"Air Canada - AMEX",,,,,,,,,,,,,,,,,,,,,""
,"Active","Air Transat",0.00,0.00,,,,,,"Air Transat",,,,,,,,,,,,,,,,,,,,,""
,"Active","AIRBNB",0.00,0.00,,,,,,"AIRBNB",,,,,,,,,,,,,,,,,,,,,""
,"Active","AMAZON WEB SERVICES",0.00,0.00,,,,,,"AMAZON WEB SERVICES",,,,,,,,,,,,,,,,,,,,,""
,"Active","Amazon.ca",0.00,0.00,,,,,,"Amazon.ca",,,,,,,,,,,,,,,,,,,,,""
,"Active","Amex",0.00,0.00,,,,,,"Amex",,,,,,,,,,,,,,,,,,,,,""
,"Active","Animoto",0.00,0.00,,,,,,"Animoto",,,,,,,,,,,,,,,,,,,,,""
,"Active","Apple Store",0.00,0.00,,,,,,"Apple Store",,,,,,,,,,,,,,,,,,,,,""
,"Active","Archambault",0.00,0.00,,,,,,"Archambault",,,,,,,,,,,,,,,,,,,,,""
,"Active","Atlas Taxi",0.00,0.00,,,,,,"Atlas Taxi",,,,,,,,,,,,,,,,,,,,,""
,"Active","Auberge St. Antoine",0.00,0.00,,,,,,"Auberge St. Antoine",,,,,,,,,,,,,,,,,,,,,""
,"Active","AUDIBLE",0.00,0.00,,,,,,"AUDIBLE",,,,,,,,,,,,,,,,,,,,,""
,"Active","AUTRE VERSION ( RESTO )",0.00,0.00,"AUTRE VERSION ( RESTO )",,,,,"AUTRE VERSION ( RESTO )",,,,,,,,,,,,,,,,,"AUTRE VERSION ( RESTO )",,,,""
,"Active","AWL*Prentice Hall",0.00,0.00,,,,,,"AWL*Prentice Hall",,,,,,,,,,,,,,,,,,,,,""
,"Active","B&H PHOTO",0.00,0.00,,,,,,"B&H PHOTO",,,,,,,,,,,,,,,,,,,,,""
,"Active","Banque",0.00,0.00,,,,,,"Banque",,,,,,,,,,,,,,,,,,,,,""
,"Active","Basket",0.00,0.00,,,,,,"Basket",,,,,,,,,,,,,,,,,,,,,""
,"Active","Baton Rouge",0.00,0.00,,,,,,"Baton Rouge",,,,,,,,,,,,,,,,,,,,,""
,"Active","Bell",0.00,0.00,,,,,,"Bell",,,,,,,,,,,,,,,,,,,,,""
,"Active","Bell Mobility",0.00,0.00,,,,,,"Bell Mobility",,,,,,,,,,,,,,,,,,,,,""
,"Active","Best Buy",0.00,0.00,,,,,,"Best Buy",,,,,,,,,,,,,,,,,,,,,""
,"Active","Best Western",0.00,0.00,,,,,,"Best Western",,,,,,,,,,,,,,,,,,,,,""
,"Active","Bieres et Compagnie",0.00,0.00,,,,,,"Bieres et Compagnie",,,,,,,,,,,,,,,,,,,,,""
,"Active","Bonafone",0.00,0.00,,,,,,"Bonafone",,,,,,,,,,,,,,,,,,,,,""
,"Active","BOSE L",0.00,0.00,,,,,,"BOSE L",,,,,,,,,,,,,,,,,,,,,""
,"Active","Boston Pizza",0.00,0.00,,,,,,"Boston Pizza",,,,,,,,,,,,,,,,,,,,,""
,"Active","Boutique de Stylo",0.00,0.00,,,,,,"Boutique de Stylo",,,,,,,,,,,,,,,,,,,,,""
,"Active","Brasserie Les Enfants",0.00,0.00,,,,,,"Brasserie Les Enfants",,,,,,,,,,,,,,,,,,,,,""
,"Active","Bureau En Gros",0.00,0.00,,,,,,"Bureau En Gros",,,,,,,,,,,,,,,,,,,,,""
,"Active","Business Depot Direct",0.00,0.00,,,,,,"Business Depot Direct",,,,,,,,,,,,,,,,,,,,,""
,"Active","Cafe CHLEBICKY",0.00,0.00,,,,,,"Cafe CHLEBICKY",,,,,,,,,,,,,,,,,,,,,""
,"Active","CANADA COMPUTERS",0.00,0.00,,,,,,"CANADA COMPUTERS",,,,,,,,,,,,,,,,,,,,,""
,"Active","CANADIAN BATTERY",0.00,0.00,,,,,,"CANADIAN BATTERY",,,,,,,,,,,,,,,,,,,,,""
,"Active","CANADIAN TIRE",0.00,0.00,,,,,,"CANADIAN TIRE",,,,,,,,,,,,,,,,,,,,,""
,"Active","Cedar Cancer",0.00,0.00,,,,,,"Cedar Cancer",,,,,,,,,,,,,,,,,,,,,""
,"Active","Centre d'activites",0.00,0.00,,,,,,"Centre d'activites",,,,,,,,,,,,,,,,,,,,,""
,"Active","Centre d'affaires de l'avenir",0.00,0.00,,,,,,"Centre d'affaires de l'avenir","306-1555 blvd de l'avenir","H7S2N5 Laval",,,,,,,,,,,,,,,,,,,""
,"Active","Certfx",0.00,0.00,,,,,,"Certfx",,,,,,,,,,,,,,,,,,,,,""
,"Active","Chambonneau",0.00,0.00,,,,,,"Chambonneau",,,,,,,,,,,,,,,,,,,,,""
,"Active","CN ENTREPRISE ( TELEPHONE )",0.00,0.00,,,,,,"CN ENTREPRISE ( TELEPHONE )",,,,,,,,,,,,,,,,,,,,,""
,"Active","CN ENTREPRISE ( TELEPHONE BATTERIE )",0.00,0.00,,,,,,"CN ENTREPRISE ( TELEPHONE BATTERIE )",,,,,,,,,,,,,,,,,,,,,""
,"Active","Collabiz",0.00,0.00,,,,,,"Collabiz",,,,,,,,,,,,,,,,,,,,,""
,"Active","Computer Memory Canada",0.00,0.00,,,,,,"Computer Memory Canada",,,,,,,,,,,,,,,,,,,,,""
,"Active","COOP Taxi",0.00,0.00,,,,,,"COOP Taxi",,,,,,,,,,,,,,,,,,,,,""
,"Active","Coop Uqam",0.00,0.00,,,,,,"Coop Uqam",,,,,,,,,,,,,,,,,,,,,""
,"Active","COURSERA",0.00,0.00,,,,,,"COURSERA",,,,,,,,,,,,,,,,,,,,,""
,"Active","Danielle Gascon",0.00,0.00,,,,,,"Danielle Gascon",,,,,,,,,,,,,,,,,,,,,""
,"Active","DATADOG",0.00,0.00,,,,,,"DATADOG",,,,,,,,,,,,,,,,,,,,,""
,"Active","Daves Inc.",0.00,0.00,,,,,,"Daves Inc.",,,,,,,,,,,,,,,,,,,,,""
,"Active","DELL",0.00,0.00,,,,,,"DELL",,,,,,,,,,,,,,,,,,,,,""
,"Active","Devises Modiale",0.00,0.00,,,,,,"Devises Modiale",,,,,,,,,,,,,,,,,,,,,""
,"Active","Digital Content Factor",0.00,0.00,,,,,,"Digital Content Factor",,,,,,,,,,,,,,,,,,,,,""
,"Active","DIRECT CANADA",0.00,0.00,,,,,,,,,,,,,,,,,,,,,,,,,,,""
,"Active","DNH",0.00,0.00,,,,,,"DNH",,,,,,,,,,,,,,,,,,,,,""
,"Active","Dot*Domain",0.00,0.00,,,,,,"Dot*Domain",,,,,,,,,,,,,,,,,,,,,""
,"Active","Duns Famous",0.00,0.00,,,,,,"Duns Famous",,,,,,,,,,,,,,,,,,,,,""
,"Active","Ecole Charles Perrault",0.00,0.00,,,,,,"Ecole Charles Perrault",,,,,,,,,,,,,,,,,,,,,""
,"Active","EIG Domain",0.00,0.00,,,,,,"EIG Domain",,,,,,,,,,,,,,,,,,,,,""
,"Active","Emploi Quebec",0.00,0.00,,,,,,"Emploi Quebec",,,,,,,,,,,,,,,,,,,,,""
,"Active","ENI",0.00,0.00,,,,,,"ENI",,,,,,,,,,,,,,,,,,,,,""
,"Active","Enstom Candies",0.00,0.00,,,,,,"Enstom Candies",,,,,,,,,,,,,,,,,,,,,""
,"Active","Ergonofis",0.00,0.00,,,,,,"Ergonofis",,,,,,,,,,,,,,,,,,,,,""
,"Active","EXPEDIA",0.00,0.00,"EXPEDIA",,,,,"EXPEDIA",,,,,,,,,,,,,,,,,"EXPEDIA",,,,""
,"Active","FedEx",0.00,0.00,,,,,,"FedEx",,,,,,,,,,,,,,,,,,,,,""
,"Active","FENDRIHAN",0.00,0.00,,,,,,"FENDRIHAN",,,,,,,,,,,,,,,,,,,,,""
,"Active","FIZZ",0.00,0.00,,,,,,,,,,,,,,,,,,,,,,,,,,,""
,"Active","Fondation Charles Perrault",0.00,0.00,,,,,,"Fondation Charles Perrault",,,,,,,,,,,,,,,,,,,,,""
,"Active","FONDATION DE L'HOPITAL SAINTE-JUSTINE",0.00,0.00,,,,,,"FONDATION DE L'HOPITAL SAINTE-JUSTINE",,,,,,,,,,,,,,,,,,,,,""
,"Active","FONGO",0.00,0.00,,,,,,"FONGO",,,,,,,,,,,,,,,,,,,,,""
,"Active","Future Shop",0.00,0.00,,,,,,"Future Shop",,,,,,,,,,,,,,,,,,,,,""
,"Active","Gilbert Sureau",0.00,0.00,,,,,,"Gilbert Sureau",,,,,,,,,,,,,,,,,,,,,""
,"Active","GitHub",0.00,0.00,,,,,,"GitHub",,,,,,,,,,,,,,,,,,,,,""
,"Active","Global Prime Office",0.00,0.00,,,,,,"Global Prime Office",,,,,,,,,,,,,,,,,,,,,""
,"Active","Godaddy.com",0.00,0.00,,,,,,"Godaddy.com",,,,,,,,,,,,,,,,,,,,,""
,"Active","Godiva",0.00,0.00,,,,,,"Godiva",,,,,,,,,,,,,,,,,,,,,""
,"Active","Google",0.00,0.00,,,,,,"Google",,,,,,,,,,,,,,,,,,,,,""
,"Active","Hampton Inn & Sandman",0.00,0.00,,,,,,"Hampton Inn & Sandman",,,,,,,,,,,,,,,,,,,,,""
,"Active","Henri Poupart Ltee",0.00,0.00,,,,,,"Henri Poupart Ltee",,,,,,,,,,,,,,,,,,,,,""
,"Active","Hilton",0.00,0.00,,,,,,"Hilton",,,,,,,,,,,,,,,,,,,,,""
,"Active","Hiper",0.00,0.00,,,,,,"Hiper",,,,,,,,,,,,,,,,,,,,,""
,"Active","Holiday Inn",0.00,0.00,,,,,,"Holiday Inn",,,,,,,,,,,,,,,,,,,,,""
,"Active","Hopital Sacré Coeur",0.00,0.00,,,,,,"Hopital Sacré Coeur",,,,,,,,,,,,,,,,,,,,,""
,"Active","IBM Canada Limited",0.00,0.00,,,,,,"IBM Canada Limited",,,,,,,,,,,,,,,,,,,,,""
,"Active","Ikea",0.00,0.00,,,,,,"Ikea",,,,,,,,,,,,,,,,,,,,,""
,"Active","INDIGO",0.00,0.00,,,,,,"INDIGO",,,,,,,,,,,,,,,,,,,,,""
,"Active","Industry Can Ottaw",0.00,0.00,,,,,,"Industry Can Ottaw",,,,,,,,,,,,,,,,,,,,,""
,"Active","Internet Vir. Cr",0.00,0.00,,,,,,"Internet Vir. Cr",,,,,,,,,,,,,,,,,,,,,""
,"Active","Intersport",0.00,0.00,,,,,,"Intersport",,,,,,,,,,,,,,,,,,,,,""
,"Active","Isabelle Gascon",0.00,0.00,,,,,,"Isabelle Gascon",,,,,,,,,,,,,,,,,,,,,""
,"Active","Jean Coutu",0.00,0.00,,,,,,"Jean Coutu",,,,,,,,,,,,,,,,,,,,,""
,"Active","L'Academie de L'ouest",0.00,0.00,,,,,,"L'Academie de L'ouest",,,,,,,,,,,,,,,,,,,,,""
,"Active","L'Appartement",0.00,0.00,,,,,,"L'Appartement",,,,,,,,,,,,,,,,,,,,,""
,"Active","La Baie",0.00,0.00,,,,,,"La Baie",,,,,,,,,,,,,,,,,,,,,""
,"Active","La Pizzateria",0.00,0.00,,,,,,"La Pizzateria",,,,,,,,,,,,,,,,,,,,,""
,"Active","La Presse",0.00,0.00,,,,,,"La Presse",,,,,,,,,,,,,,,,,,,,,""
,"Active","La Recharge",0.00,0.00,,,,,,"La Recharge",,,,,,,,,,,,,,,,,,,,,""
,"Active","la Source",0.00,0.00,,,,,,"la Source",,,,,,,,,,,,,,,,,,,,,""
,"Active","Le Four",0.00,0.00,,,,,,"Le Four",,,,,,,,,,,,,,,,,,,,,""
,"Active","Learning Patterns",0.00,0.00,,,,,,"Learning Patterns",,,,,,,,,,,,,,,,,,,,,""
,"Active","Leif M. Bedard",0.00,0.00,,,,,,"Leif M. Bedard",,,,,,,,,,,,,,,,,,,,,""
,"Active","LES 3 BRASSEURS",0.00,0.00,,,,,,"LES 3 BRASSEURS",,,,,,,,,,,,,,,,,,,,,""
,"Active","Linen Chest",0.00,0.00,,,,,,"Linen Chest",,,,,,,,,,,,,,,,,,,,,""
,"Active","LinkedIn",0.00,0.00,,,,,,"LinkedIn",,,,,,,,,,,,,,,,,,,,,""
,"Active","Loblaws",0.00,0.00,,,,,,"Loblaws",,,,,,,,,,,,,,,,,,,,,""
,"Active","Lotim",0.00,0.00,,,,,,"Lotim",,,,,,,,,,,,,,,,,,,,,""
,"Active","LPF Accounting Services",0.00,0.00,,,,,,"LPF Accounting Services",,,,,,,,,,,,,,,,,,,,,""
,"Active","Lumemarie Repentigny",0.00,0.00,,,,,,"Lumemarie Repentigny",,,,,,,,,,,,,,,,,,,,,""
,"Active","M Corbeil",0.00,0.00,,,,,,"M Corbeil",,,,,,,,,,,,,,,,,,,,,""
,"Active","Madison",0.00,0.00,,,,,,"Madison",,,,,,,,,,,,,,,,,,,,,""
,"Active","Marcaria.com",0.00,0.00,,,,,,"Marcaria.com",,,,,,,,,,,,,,,,,,,,,""
,"Active","MARRIOTT",0.00,0.00,,,,,,"MARRIOTT",,,,,,,,,,,,,,,,,,,,,""
,"Active","MasterCard Edition",0.00,0.00,,,,,,"MasterCard Edition",,,,,,,,,,,,,,,,,,,,,""
,"Active","Maxi",0.00,0.00,,,,,,"Maxi",,,,,,,,,,,,,,,,,,,,,""
,"Active","Mega Liquidation",0.00,0.00,,,,,,"Mega Liquidation",,,,,,,,,,,,,,,,,,,,,""
,"Active","MEGABUS",0.00,0.00,,,,,,"MEGABUS",,,,,,,,,,,,,,,,,,,,,""
,"Active","MicroBytes",0.00,0.00,,,,,,"MicroBytes",,,,,,,,,,,,,,,,,,,,,""
,"Active","MICROSOFT",0.00,0.00,,,,,,"MICROSOFT",,,,,,,,,,,,,,,,,,,,,""
,"Active","Ministère du Revenu",0.00,0.00,,,,,,,,,,,,,,,,,,,,,,,,,,,""
,"Active","Ministère du Revenue (TPS/TVQ 2013)",-41359.21,41359.21,,,,,,,,,,,,,,,,,,,,,,,,,,,""
,"Active","Ministre des Finances du Quebec",0.00,0.00,,,,,,"Ministre des Finances du Quebec",,,,,,,,,,,,,,,,,,,,,""
,"Active","Ministry of Finance (ON)",0.00,0.00,,,,,,,,,,,,,,,,,,,,,,,,,,,""
,"Active","NAMECHEAP",0.00,0.00,,,,,,"NAMECHEAP",,,,,,,,,,,,,,,,,,,,,""
,"Active","NCIX",0.00,0.00,,,,,,"NCIX",,,,,,,,,,,,,,,,,,,,,""
,"Active","NetSym-Agent Solo",0.00,0.00,,,,,,"NetSym-Agent Solo",,,,,,,,,,,,,,,,,,,,,""
,"Active","NetSym Communication",0.00,0.00,,,,,,"NetSym Communication",,,,,,,,,,,,,,,,,,,,,""
,"Active","Network Solutions",0.00,0.00,,,,,,"Network Solutions",,,,,,,,,,,,,,,,,,,,,""
,"Active","NEW EGG",0.00,0.00,,,,,,,,,,,,,,,,,,,,,,,,,,,""
,"Active","Notaire Lafond",0.00,0.00,,,,,,"Notaire Lafond",,,,,,,,,,,,,,,,,,,,,""
,"Active","Novotel",0.00,0.00,,,,,,"Novotel",,,,,,,,,,,,,,,,,,,,,""
,"Active","NWA Air",0.00,0.00,,,,,,"NWA Air",,,,,,,,,,,,,,,,,,,,,""
,"Active","Objectif Jeunes",0.00,0.00,,,,,,"Objectif Jeunes",,,,,,,,,,,,,,,,,,,,,""
,"Active","Omega",0.00,0.00,,,,,,"Omega",,,,,,,,,,,,,,,,,,,,,""
,"Active","Online Transfer",0.00,0.00,,,,,,"Online Transfer",,,,,,,,,,,,,,,,,,,,,""
,"Active","Orleans Express",0.00,0.00,,,,,,"Orleans Express",,,,,,,,,,,,,,,,,,,,,""
,"Active","OURA",0.00,0.00,,,,,,"OURA",,,,,,,,,,,,,,,,,,,,,""
,"Active","OVHCLOUD",0.00,0.00,,,,,,"OVHCLOUD",,,,,,,,,,,,,,,,,,,,,""
,"Active","PA",0.00,0.00,,,,,,,,,,,,,,,,,,,,,,,,,,,""
,"Active","Papeterie Casse-Noiset",0.00,0.00,,,,,,"Papeterie Casse-Noiset",,,,,,,,,,,,,,,,,,,,,""
,"Active","Papier Expert J M E",0.00,0.00,,,,,,"Papier Expert J M E",,,,,,,,,,,,,,,,,,,,,""
,"Active","PayPal",0.00,0.00,,,,,,"PayPal",,,,,,,,,,,,,,,,,,,,,""
,"Active","PEARSON VUE",0.00,0.00,,,,,,"PEARSON VUE",,,,,,,,,,,,,,,,,,,,,""
,"Active","Pharmaprix",0.00,0.00,,,,,,"Pharmaprix",,,,,,,,,,,,,,,,,,,,,""
,"Active","Piazzetta",0.00,0.00,,,,,,"Piazzetta",,,,,,,,,,,,,,,,,,,,,""
,"Active","Porter Air",0.00,0.00,,,,,,"Porter Air",,,,,,,,,,,,,,,,,,,,,""
,"Active","Postes Canada",0.00,0.00,,,,,,"Postes Canada",,,,,,,,,,,,,,,,,,,,,""
,"Active","POSTMAN",0.00,0.00,,,,,,"POSTMAN",,,,,,,,,,,,,,,,,,,,,""
,"Active","Prato",0.00,0.00,,,,,,"Prato",,,,,,,,,,,,,,,,,,,,,""
,"Active","Priceline Hotel",0.00,0.00,,,,,,"Priceline Hotel",,,,,,,,,,,,,,,,,,,,,""
,"Active","PrintBix Graphics",0.00,0.00,,,,,,"PrintBix Graphics",,,,,,,,,,,,,,,,,,,,,""
,"Active","Prometric",0.00,0.00,,,,,,"Prometric",,,,,,,,,,,,,,,,,,,,,""
,"Active","Prot.Dec",0.00,0.00,,,,,,"Prot.Dec",,,,,,,,,,,,,,,,,,,,,""
,"Active","Protec. Decouvert 09901 2144390",0.00,0.00,,,,,,"Protec. Decouvert 09901 2144390",,,,,,,,,,,,,,,,,,,,,""
,"Active","QUICK SOUREC LEARNING",0.00,0.00,,,,,,,,,,,,,,,,,,,,,,,,,,,""
,"Active","Receiver General",0.00,0.00,,,,,,,,,,,,,,,,,,,,,,,,,,,""
,"Active","Recours collectif",0.00,0.00,,,,,,"Recours collectif",,,,,,,,,,,,,,,,,,,,,""
,"Active","Registraire des Entrep Qc",0.00,0.00,,,,,,"Registraire des Entrep Qc",,,,,,,,,,,,,,,,,,,,,""
,"Active","Regus",0.00,0.00,,,,,,"Regus",,,,,,,,,,,,,,,,,,,,,""
,"Active","Renaud-Bray",0.00,0.00,,,,,,"Renaud-Bray",,,,,,,,,,,,,,,,,,,,,""
,"Active","Residence Inn Marriott",0.00,0.00,,,,,,"Residence Inn Marriott",,,,,,,,,,,,,,,,,,,,,""
,"Active","Rest Ace Deli",0.00,0.00,,,,,,"Rest Ace Deli",,,,,,,,,,,,,,,,,,,,,""
,"Active","Rest. d'Youville",0.00,0.00,,,,,,"Rest. d'Youville",,,,,,,,,,,,,,,,,,,,,""
,"Active","REST. L'Academie",0.00,0.00,,,,,,"REST. L'Academie",,,,,,,,,,,,,,,,,,,,,""
,"Active","REST. La Coupole",0.00,0.00,,,,,,"REST. La Coupole",,,,,,,,,,,,,,,,,,,,,""
,"Active","Rest. Le Vieux Four",0.00,0.00,,,,,,"Rest. Le Vieux Four",,,,,,,,,,,,,,,,,,,,,""
,"Active","Rest. Sterlings",0.00,0.00,,,,,,"Rest. Sterlings",,,,,,,,,,,,,,,,,,,,,""
,"Active","Restaurant Le Cartier",0.00,0.00,,,,,,"Restaurant Le Cartier",,,,,,,,,,,,,,,,,,,,,""
,"Active","Rotisserie St-Hubert",0.00,0.00,,,,,,"Rotisserie St-Hubert",,,,,,,,,,,,,,,,,,,,,""
,"Active","Sammons Preston",0.00,0.00,,,,,,"Sammons Preston",,,,,,,,,,,,,,,,,,,,,""
,"Active","SARLMOBATEK",0.00,0.00,,,,,,"SARLMOBATEK",,,,,,,,,,,,,,,,,,,,,""
,"Active","SEAO",0.00,0.00,,,,,,"SEAO",,,,,,,,,,,,,,,,,,,,,""
,"Active","Services Charges",0.00,0.00,,,,,,"Services Charges",,,,,,,,,,,,,,,,,,,,,""
,"Active","SHERATON",0.00,0.00,,,,,,"SHERATON",,,,,,,,,,,,,,,,,,,,,""
,"Active","SHOPPER INC",0.00,0.00,,,,,,"SHOPPER INC",,,,,,,,,,,,,,,,,,,,,""
,"Active","Simons",0.00,0.00,,,,,,"Simons",,,,,,,,,,,,,,,,,,,,,""
,"Active","Skype",0.00,0.00,,,,,,"Skype",,,,,,,,,,,,,,,,,,,,,""
,"Active","SNCB",0.00,0.00,,,,,,"SNCB",,,,,,,,,,,,,,,,,,,,,""
,"Active","SOFTLAYER",0.00,0.00,"SOFTLAYER",,,,,"SOFTLAYER",,,,,,,,,,,,,,,,,"SOFTLAYER",,,,""
,"Active","Sogique",0.00,0.00,,,,,,"Sogique",,,,,,,,,,,,,,,,,,,,,""
,"Active","Sony Style",0.00,0.00,,,,,,"Sony Style",,,,,,,,,,,,,,,,,,,,,""
,"Active","SPANX",0.00,0.00,,,,,,"SPANX",,,,,,,,,,,,,,,,,,,,,""
,"Active","SPI Link Inc.",0.00,0.00,,,,,,"SPI Link Inc.",,,,,,,,,,,,,,,,,,,,,""
,"Active","Staples",0.00,0.00,,,,,,"Staples",,,,,,,,,,,,,,,,,,,,,""
,"Active","STM",0.00,0.00,,,,,,"STM",,,,,,,,,,,,,,,,,,,,,""
,"Active","STM - Cartier",0.00,0.00,,,,,,"STM - Cartier",,,,,,,,,,,,,,,,,,,,,""
,"Active","STM - McGill",0.00,0.00,,,,,,"STM - McGill",,,,,,,,,,,,,,,,,,,,,""
,"Active","Sushi Shop",0.00,0.00,,,,,,"Sushi Shop",,,,,,,,,,,,,,,,,,,,,""
,"Active","Table 51",0.00,0.00,,,,,,"Table 51",,,,,,,,,,,,,,,,,,,,,""
,"Active","TechnoTraining Inc.",0.00,0.00,,,,,,"TechnoTraining Inc.",,,,,,,,,,,,,,,,,,,,,""
,"Active","The Bay",0.00,0.00,,,,,,"The Bay",,,,,,,,,,,,,,,,,,,,,""
,"Active","THEMIDDLEWARESHOP",0.00,0.00,"THEMIDDLEWARESHOP",,,,,"THEMIDDLEWARESHOP",,,,,,,,,,,,,,,,,"THEMIDDLEWARESHOP",,,,""
,"Active","Tripolli",0.00,0.00,,,,,,"Tripolli",,,,,,,,,,,,,,,,,,,,,""
,"Active","Triveratech",0.00,0.00,,,,,,"Triveratech",,,,,,,,,,,,,,,,,,,,,""
,"Active","TSOFT",0.00,0.00,"TSOFT",,,,,"TSOFT",,,,,,,,,,,,,,,,,"TSOFT",,,,""
,"Active","TUTORIALS DOJO",0.00,0.00,,,,,,"TUTORIALS DOJO",,,,,,,,,,,,,,,,,,,,,""
,"Active","UDEMY ( Cours en ligne )",0.00,0.00,,,,,,"UDEMY ( Cours en ligne )",,,,,,,,,,,,,,,,,,,,,""
,"Active","ULINE",0.00,0.00,,,,,,"ULINE",,,,,,,,,,,,,,,,,,,,,""
,"Active","Ultramar",0.00,0.00,,,,,,"Ultramar",,,,,,,,,,,,,,,,,,,,,""
,"Active","UPS",0.00,0.00,,,,,,"UPS",,,,,,,,,,,,,,,,,,,,,""
,"Active","VERTIGO",0.00,0.00,,,,,,"VERTIGO",,,,,,,,,,,,,,,,,,,,,""
,"Active","ViaRail",0.00,0.00,,,,,,"ViaRail",,,,,,,,,,,,,,,,,,,,,""
,"Active","Viewsonic",0.00,0.00,,,,,,"Viewsonic",,,,,,,,,,,,,,,,,,,,,""
,"Active","Vincipark Place",0.00,0.00,,,,,,"Vincipark Place",,,,,,,,,,,,,,,,,,,,,""
,"Active","Vir. Paiem Aut M/C 09901 2144390",0.00,0.00,,,,,,"Vir. Paiem Aut M/C 09901 2144390",,,,,,,,,,,,,,,,,,,,,""
,"Active","Walmart",0.00,0.00,,,,,,"Walmart",,,,,,,,,,,,,,,,,,,,,""
,"Active","WareSource",0.00,0.00,,,,,,"WareSource",,,,,,,,,,,,,,,,,,,,,""
,"Active","WEB AGE SOLUTIONS",0.00,0.00,,,,,,"WEB AGE SOLUTIONS",,,,,,,,,,,,,,,,,,,,,""
,"Active","Webdialogsi",0.00,0.00,,,,,,"Webdialogsi",,,,,,,,,,,,,,,,,,,,,""
,"Active","WEBHOST WHC",0.00,0.00,,,,,,"WEBHOST WHC",,,,,,,,,,,,,,,,,,,,,""
,"Active","West Jet",0.00,0.00,,,,,,"West Jet",,,,,,,,,,,,,,,,,,,,,""
,"Active","WESTIN",0.00,0.00,,,,,,"WESTIN",,,,,,,,,,,,,,,,,,,,,""
,"Active","Z'Axe Inc",0.00,0.00,,,,,,"Z'Axe Inc",,,,,,,,,,,,,,,,,,,,,""
